course,course_group
AIR-010W,1
AIR-011P,1
AIR-012C,1
AIR-012W,1
AIR-016W,1
AIR-020W,1
AIR-021C,1
AIR-024E,1
AIR-025W,1
AIR-037C,1
AIR-037W,1
AIR-100C,1
AIR-190W,1
ARE0004L,1
ARE0004W,1
ARE0006W,1
ARE0011L,1
ARE0011W,1
ARE0013L,1
ARE0013W,1
ARE0014L,1
ARE0014W,1
ARE0022L,1
ARE0022P,1
ARE0022W,1
ARE0022l,1
ARE0023L,1
ARE0023W,1
ARE0024C,1
ARE0024L,1
ARE0024W,1
ARE0034E,1
ARE0034W,1
ARE0040L,1
ARE0043P,1
ARE0043W,1
ARE0062E,1
ARE0062L,1
ARE0062P,1
ARE0062W,1
ARE1015C,1
ARE1015W,1
ARE2030C,1
ARE2030W,1
ARE2031C,1
ARE2031W,1
ARE2032L,1
ARE2032W,1
ARE2033W,1
ARE2035P,1
ARE2035W,1
ARE2036C,1
ARE2036P,1
ARE2036W,1
ARE2038W,1
ARE3041L,1
ARE3042C,1
ARE3042W,1
ARE3044C,1
ARE3044E,1
ARE3044W,1
ARE3045P,1
ARE3045W,1
ARE3046P,1
ARE3046W,1
ARE3048L,1
ARE3048P,1
ARE3048W,1
ARE3049C,1
ARE3049P,1
ARE3049W,1
ARE3050W,1
ARE3051C,1
ARE3051P,1
ARE3051W,1
ARE3052P,1
ARE3052W,1
ARE3055P,1
ARE3055W,1
ARE3060C,1
ARE3060E,1
ARE3060L,1
ARE3060W,1
ARE3061L,1
ARE3063C,1
ARE3063W,1
ARE3064L,1
ARE3064W,1
ARE3066C,1
ARE3066L,1
ARE3066P,1
ARE3066W,1
ARE3150P,1
ARE3150S,1
ARE3150W,1
ARE3151L,1
ARE3151W,1
ARE3250P,1
ARE3250W,1
ARE3251L,1
ARE3251W,1
ARE3350W,1
ARE3351P,1
ARE3351W,1
ARE3352W,1
ARE4070L,1
ARE4070P,1
ARE4070W,1
ARE4100C,1
ARE4100S,1
ARE4100W,1
ARE4103S,1
ARE4103W,1
ARE4105W,1
ARE4150P,1
ARE4150S,1
ARE4150W,1
ARE4151L,1
ARE4151W,1
ARE4160C,1
ARE4160L,1
ARE4160W,1
ARE4161C,1
ARE4161L,1
ARE4161W,1
ARE4162P,1
ARE4162W,1
ARE4163L,1
ARE4163W,1
ARE4164C,1
ARE4164L,1
ARE4164W,1
ARE4165L,1
ARE4165W,1
ARE4166P,1
ARE4166W,1
ARE4170C,1
ARE4170P,1
ARE4171S,1
ARE4171W,1
ARE4172W,1
ARE4173P,1
ARE4173S,1
ARE4173W,1
ARE4183L,1
ARE4183W,1
ARE4192W,1
ARE4260W,1
ARE4261C,1
ARE4261P,1
ARE4261W,1
ARE4262P,1
ARE4263P,1
ARE4263W,1
ARE4264L,1
ARE4265C,1
ARE4265W,1
ARE4266C,1
ARE4266L,1
ARE4266W,1
ARE4267L,1
ARE4267W,1
ARE4268L,1
ARE4268W,1
ARE4270L,1
ARE4270P,1
ARE4270W,1
ARE4271L,1
ARE4271W,1
ARE4272L,1
ARE4272W,1
ARE4273P,1
ARE4273W,1
ARE4275P,1
ARE4275W,1
ARE4276P,1
ARE4276W,1
ARE4278P,1
ARE4278W,1
ARE4279P,1
ARE4279W,1
ARE4360L,1
ARE4360P,1
ARE4361P,1
ARE4361W,1
ARE4362C,1
ARE4362W,1
ARE4363C,1
ARE4363W,1
ARE4364P,1
ARE4364W,1
ARE4365P,1
ARE4365W,1
ARE4367C,1
ARE4367L,1
ARE4367W,1
ARE4368L,1
ARE4368W,1
ARE4370P,1
ARE4370W,1
ARE4371C,1
ARE4371P,1
ARE4371W,1
ARE4372C,1
ARE4372L,1
ARE4372W,1
ARE4373L,1
ARE4373P,1
ARE4373W,1
ARE4374W,1
ARE4375P,1
ARE4375W,1
ARE5090C,1
ARE5100C,1
ARE5180L,1
ARE5180P,1
ARE5180W,1
ARE5181L,1
ARE5181P,1
ARE5181S,1
ARE5181W,1
ARE5183P,1
ARE5183W,1
ARE5190P,1
ARE5191S,1
ARE5192W,1
ARE5280L,1
ARE5280W,1
ARE5282P,1
ARE5282W,1
ARE5283P,1
ARE5283W,1
ARE5284P,1
ARE5284W,1
ARE5290L,1
ARE5290W,1
ARE5291S,1
ARE5292P,1
ARE5292W,1
ARE5352O,1
ARE5352P,1
ARE5380P,1
ARE5380W,1
ARE5381P,1
ARE5381W,1
ARE5383L,1
ARE5383P,1
ARE5383S,1
ARE5384P,1
ARE5384S,1
ARE5384W,1
ARE5390S,1
ARE5391P,1
ARE5391W,1
ARE5392P,1
ARE5392W,1
ARE5393P,1
ARE5393W,1
ARM5112P,1
ARM5211C,0
ARM5211W,0
ARM5212P,1
AUA0104W,4
AUA0105C,4
AUA0105S,4
AUA0105W,4
AUA0108W,4
AUA0111W,4
AUA0118W,4
AUA0190C,4
AUA0190L,4
AUA0191W,4
AUA0192W,4
AUA0193W,4
AUA0200W,4
AUA0201W,4
AUA1005W,4
AUA2016S,4
AUA3023W,4
AUA7056C,4
AUA7056S,4
AUA7056W,4
EKA-011C,1
EKA-012C,4
EKA-012W,4
EKA-014C,2
EKA-014W,2
EKA-022C,4
EKA-022L,4
EKA-022W,4
EKA-023C,3
EKA-023E,3
EKA-023W,3
EKA-032C,4
EKA-032W,4
EKA-033C,3
EKA-033W,3
EKA-042C,4
EKA-042W,4
EKA-052C,4
EKA-052W,4
EKA-083C,3
EKA-083E,3
EKA-083W,3
EKA-113W,1
EKA-120L,1
EKA-120W,1
EKA-121C,1
EKA-121W,1
EKA-122L,1
EKA-123L,1
EKA-123W,1
EKA-124W,1
EKA-125W,1
EKA-130C,1
EKA-130W,1
EKA-131L,1
EKA-131W,1
EKA-133L,1
EKA-133W,1
EKA-134W,1
EKA-135W,1
EKA-140L,1
EKA-142E,1
EKA-142W,1
EKA-143W,1
EKA-220W,1
EKA-230C,1
EKA-230W,1
EKA-233L,1
EKA-233W,1
EKA-240L,1
EKA-241C,1
EKA-241L,1
EKA-241W,1
EKA-243P,1
EKA-243W,1
EKA-244W,1
EKA-250W,1
EKA-324W,1
EKA-333C,1
EKA-333W,1
EKA-342L,1
EKA-600L,1
EKI-603W,1
EKM-001L,1
EKM-001W,1
EKM-002C,1
EKM-002W,1
EKM-301W,1
EKM-700W,1
EKM-701W,1
EKM-702W,1
EKT9023C,1
EKZ0101W,1
EKZ0102C,4
EKZ0102W,4
EKZ0103W,4
EKZ0322W,4
EKZ2302W,4
EKZ9101W,4
EKZ9301W,4
EKZ9303W,4
EKZ9305W,4
EKZ9316W,4
EKZ9318W,4
EKZ9320W,4
EKZ9323C,4
EKZ9323W,4
EKZ9324W,4
ENZ9302C,4
ENZ9302W,4
ETE0110C,1
ETE0110L,1
ETE0110P,1
ETE0110W,1
ETE0111W,1
ETE0120E,1
ETE0120L,1
ETE0120W,1
ETE0121C,1
ETE0121L,1
ETE0121W,1
ETE0126W,1
ETE0127W,1
ETE0128W,1
ETE0129W,1
ETE0131C,1
ETE0131E,1
ETE0131L,1
ETE0131W,1
ETE0132C,1
ETE0132W,1
ETE0133E,1
ETE0133L,1
ETE0133W,1
ETE0140L,1
ETE0140W,1
ETE0141C,1
ETE0141E,1
ETE0141L,1
ETE0141S,1
ETE0141W,1
ETE0142C,1
ETE0142E,1
ETE0142L,1
ETE0142W,1
ETE0143P,1
ETE0143W,1
ETE0144W,1
ETE0150E,1
ETE0150L,1
ETE0150P,1
ETE0150W,1
ETE0151L,1
ETE0151P,1
ETE0151W,1
ETE0152W,1
ETE0153L,1
ETE0153W,1
ETE0159W,1
ETE0160L,1
ETE0160W,1
ETE0161L,1
ETE0161W,1
ETE0162W,1
ETE0199W,1
ETE0211L,1
ETE0211W,1
ETE0222L,1
ETE0223L,1
ETE0224W,1
ETE0225L,1
ETE0226L,1
ETE0232C,1
ETE0232W,1
ETE0241C,1
ETE0241E,1
ETE0241L,1
ETE0241S,1
ETE0241W,1
ETE0260E,1
ETE0260L,1
ETE0260W,1
ETE0321C,1
ETE0321W,1
ETE0332C,1
ETE0332W,1
ETE0333L,1
ETE0333W,1
ETE0341C,1
ETE0341L,1
ETE0341W,1
ETE0343L,1
ETE0343P,1
ETE0343W,1
ETE0344L,1
ETE0344W,1
ETE0350E,1
ETE0350L,1
ETE0350P,1
ETE0350W,1
ETE0351L,1
ETE0351W,1
ETE0360L,1
ETE0362W,1
ETE0441C,1
ETE0441L,1
ETE0441W,1
ETE0442C,1
ETE0442L,1
ETE0442W,1
ETE1040W,1
ETE1041W,1
ETE1048W,1
ETE1049W,1
ETE2001S,1
ETE2001W,1
ETE2002S,1
ETE2002W,1
ETE2045W,1
ETE2046P,1
ETE2101P,1
ETE2101W,1
ETE2400L,1
ETE2400W,1
ETE2501C,1
ETE2501W,1
ETE2502C,1
ETE2502W,1
ETE2503C,1
ETE2601C,1
ETE2601W,1
ETE2701S,1
ETE2701W,1
ETE2702P,1
ETE2702W,1
ETE2703S,1
ETE2703W,1
ETE2704L,1
ETE2704W,1
ETE2800L,1
ETE2800P,1
ETE2800W,1
ETE2801L,1
ETE2801W,1
ETE2802C,1
ETE2802W,1
ETE3001S,1
ETE3001W,1
ETE3002S,1
ETE3002W,1
ETE3003W,1
ETE3004W,1
ETE3005L,1
ETE3005W,1
ETE3006C,1
ETE3006L,1
ETE3006P,1
ETE3014W,1
ETE3015W,1
ETE3016L,1
ETE3016W,1
ETE3017W,1
ETE3018W,1
ETE3031L,1
ETE3031W,1
ETE3050W,1
ETE3051L,1
ETE3051W,1
ETE3053W,1
ETE3054L,1
ETE3055W,1
ETE3056P,1
ETE3056W,1
ETE3057S,1
ETE3057W,1
ETE3058L,1
ETE3058W,1
ETE3060W,0
ETE3102C,1
ETE3102L,1
ETE3102S,1
ETE3102W,1
ETE3103C,1
ETE3103P,1
ETE3103S,1
ETE3103W,1
ETE3104S,1
ETE3104W,1
ETE3105L,1
ETE3106C,1
ETE3106S,1
ETE3106W,1
ETE3107L,1
ETE3107S,1
ETE3107W,1
ETE3116W,1
ETE3129W,1
ETE3141C,1
ETE3141S,1
ETE3141W,1
ETE3143L,1
ETE3143W,1
ETE3196W,1
ETE3201L,1
ETE3201W,1
ETE3202S,1
ETE3202W,1
ETE3203C,1
ETE3204S,1
ETE3204W,1
ETE3210W,1
ETE3211W,1
ETE3217W,1
ETE3301C,1
ETE3301L,1
ETE3302C,1
ETE3302L,1
ETE3303L,1
ETE3303S,1
ETE3303W,1
ETE3304L,1
ETE3304S,1
ETE3304W,1
ETE3305C,1
ETE3305S,1
ETE3305W,1
ETE3310W,1
ETE3401L,1
ETE3401P,1
ETE3401W,1
ETE3402W,1
ETE3403C,1
ETE3403E,1
ETE3403L,1
ETE3403P,1
ETE3403W,1
ETE3404C,1
ETE3404S,1
ETE3404W,1
ETE3405W,1
ETE3406W,1
ETE3408L,1
ETE3408P,1
ETE3408W,1
ETE3409E,1
ETE3409L,1
ETE3409W,1
ETE3410E,1
ETE3410W,1
ETE3425P,1
ETE3426L,1
ETE3426W,1
ETE3451L,1
ETE3451W,1
ETE3453W,1
ETE3503L,1
ETE3503W,1
ETE3504P,1
ETE3504W,1
ETE3505P,1
ETE3505W,1
ETE3506P,1
ETE3506W,1
ETE3507L,1
ETE3507W,1
ETE3508W,1
ETE3509W,1
ETE3510W,1
ETE3511L,1
ETE3511S,1
ETE3511W,1
ETE3602C,1
ETE3602L,1
ETE3602W,1
ETE3603C,1
ETE3603W,1
ETE3604L,1
ETE3604W,1
ETE3605L,1
ETE3605P,1
ETE3605W,1
ETE3606C,1
ETE3606E,1
ETE3606P,1
ETE3606W,1
ETE3607C,1
ETE3607E,1
ETE3607W,1
ETE3622C,1
ETE3622W,1
ETE3631L,1
ETE3631W,1
ETE3701S,1
ETE3701W,1
ETE3703S,1
ETE3703W,1
ETE3704S,1
ETE3704W,1
ETE3705S,1
ETE3705W,1
ETE3706C,1
ETE3706P,1
ETE3706W,1
ETE3707C,1
ETE3707P,1
ETE3707W,1
ETE3708L,1
ETE3709L,1
ETE3710P,1
ETE3710S,1
ETE3710W,1
ETE3711P,1
ETE3711S,1
ETE3711W,1
ETE3712W,1
ETE3716W,1
ETE3720S,1
ETE3720W,1
ETE3723L,1
ETE3723W,1
ETE3728L,1
ETE3728W,1
ETE3730W,1
ETE3771W,1
ETE3775W,1
ETE3776W,1
ETE3777L,1
ETE3797L,1
ETE3797W,1
ETE3798L,1
ETE3798W,1
ETE3803L,1
ETE3803P,1
ETE3803W,1
ETE3804L,1
ETE3804W,1
ETE3805C,1
ETE3805E,1
ETE3805W,1
ETE3806E,1
ETE3806P,1
ETE3806W,1
ETE3807L,1
ETE3807W,1
ETE3808L,1
ETE3808W,1
ETE3809L,1
ETE3809W,1
ETE3810L,1
ETE3810W,1
ETE3850W,1
ETE3853L,1
ETE3853W,1
ETE3854L,1
ETE3854W,1
ETE3855P,1
ETE3855S,1
ETE3855W,1
ETE4007L,1
ETE4007S,1
ETE4007W,1
ETE4008P,1
ETE4008W,1
ETE4009L,1
ETE4010L,1
ETE4010W,1
ETE4011W,1
ETE4023S,1
ETE4023W,1
ETE4026W,1
ETE4028W,1
ETE4029L,1
ETE4029S,1
ETE4029W,1
ETE4031L,1
ETE4031W,1
ETE4033W,1
ETE4034P,1
ETE4034W,1
ETE4035P,1
ETE4035W,1
ETE4059L,1
ETE4099L,1
ETE4099W,1
ETE4105P,1
ETE4107P,1
ETE4107W,1
ETE4108W,1
ETE4109W,1
ETE4110L,1
ETE4110W,1
ETE4111P,1
ETE4111S,1
ETE4111W,1
ETE4112L,1
ETE4120W,1
ETE4122W,1
ETE4123L,1
ETE4123S,1
ETE4123W,1
ETE4130L,1
ETE4130P,1
ETE4138L,1
ETE4138P,1
ETE4138S,1
ETE4138W,1
ETE4205S,1
ETE4205W,1
ETE4206L,1
ETE4206S,1
ETE4206W,1
ETE4207L,1
ETE4207S,1
ETE4207W,1
ETE4208L,1
ETE4208S,1
ETE4208W,1
ETE4209E,1
ETE4209L,1
ETE4209W,1
ETE4210P,1
ETE4210W,1
ETE4216S,1
ETE4216W,1
ETE4217W,1
ETE4219W,1
ETE4220C,1
ETE4220W,1
ETE4221P,1
ETE4221W,1
ETE4222L,1
ETE4222W,1
ETE4224L,1
ETE4225L,1
ETE4225S,1
ETE4226L,1
ETE4226S,1
ETE4226W,1
ETE4227L,1
ETE4228L,1
ETE4228S,1
ETE4242L,1
ETE4242W,1
ETE4243S,1
ETE4243W,1
ETE4306L,1
ETE4306W,1
ETE4307L,1
ETE4307S,1
ETE4307W,1
ETE4308L,1
ETE4309L,1
ETE4309P,1
ETE4309W,1
ETE4312L,1
ETE4312S,1
ETE4312W,1
ETE4313S,1
ETE4313W,1
ETE4314S,1
ETE4314W,1
ETE4315L,1
ETE4315P,1
ETE4315W,1
ETE4316L,1
ETE4316W,1
ETE4321W,1
ETE4325P,1
ETE4325W,1
ETE4401P,1
ETE4401W,1
ETE4407L,1
ETE4407P,1
ETE4407W,1
ETE4410P,1
ETE4410W,1
ETE4411E,1
ETE4411L,1
ETE4411P,1
ETE4411W,1
ETE4412P,1
ETE4413L,1
ETE4413W,1
ETE4414W,1
ETE4415E,1
ETE4415L,1
ETE4415P,1
ETE4416W,1
ETE4417E,1
ETE4417P,1
ETE4417W,1
ETE4418P,1
ETE4418S,1
ETE4418W,1
ETE4419L,1
ETE4419W,1
ETE4420P,1
ETE4420S,1
ETE4421P,1
ETE4422P,1
ETE4423L,1
ETE4423P,1
ETE4423S,1
ETE4456L,1
ETE4463L,1
ETE4463S,1
ETE4463W,1
ETE4464S,1
ETE4465L,1
ETE4465W,1
ETE4466L,1
ETE4466W,1
ETE4468L,1
ETE4468W,1
ETE4469L,1
ETE4469W,1
ETE4471L,1
ETE4471S,1
ETE4512L,1
ETE4512W,1
ETE4513W,1
ETE4514L,1
ETE4514W,1
ETE4515L,1
ETE4516L,1
ETE4516W,1
ETE4517L,1
ETE4517W,1
ETE4518W,1
ETE4519P,1
ETE4519W,1
ETE4521L,1
ETE4521W,1
ETE4522P,1
ETE4523L,1
ETE4523P,1
ETE4523W,1
ETE4524L,1
ETE4524S,1
ETE4525W,1
ETE4526S,1
ETE4526W,1
ETE4527L,1
ETE4527W,1
ETE4528L,1
ETE4529L,1
ETE4529W,1
ETE4530S,1
ETE4530W,1
ETE4546L,1
ETE4555W,1
ETE4605W,1
ETE4608C,1
ETE4608L,1
ETE4608P,1
ETE4608W,1
ETE4609L,1
ETE4609W,1
ETE4610L,1
ETE4610W,1
ETE4611C,1
ETE4611P,1
ETE4611W,1
ETE4612C,1
ETE4612W,1
ETE4613L,1
ETE4613W,1
ETE4614P,1
ETE4614W,1
ETE4615C,1
ETE4615P,1
ETE4615W,1
ETE4616L,1
ETE4616P,1
ETE4616W,1
ETE4617C,1
ETE4617W,1
ETE4625L,1
ETE4625W,1
ETE4626P,1
ETE4627L,1
ETE4628L,1
ETE4628W,1
ETE4641C,1
ETE4641L,1
ETE4641W,1
ETE4652L,1
ETE4652W,1
ETE4654L,1
ETE4654W,1
ETE4655P,1
ETE4655W,1
ETE4661W,1
ETE4713W,1
ETE4714P,1
ETE4714W,1
ETE4715L,1
ETE4715W,1
ETE4716L,1
ETE4716W,1
ETE4717L,1
ETE4717W,1
ETE4718C,1
ETE4719S,1
ETE4760L,1
ETE4760W,1
ETE4770C,1
ETE4773L,1
ETE4773P,1
ETE4773S,1
ETE4778L,1
ETE4778S,1
ETE4778W,1
ETE4781L,1
ETE4781W,1
ETE4799L,1
ETE4799S,1
ETE4799W,1
ETE4811L,1
ETE4811P,1
ETE4811W,1
ETE4812L,1
ETE4812P,1
ETE4812W,1
ETE4813C,1
ETE4814C,1
ETE4815S,1
ETE4856L,1
ETE4856W,1
ETE4859L,1
ETE4859W,1
ETE4860L,1
ETE4860W,1
ETE4861P,1
ETE4861W,1
ETE4863C,1
ETE4863L,1
ETE4863W,1
ETE5010L,1
ETE5010W,1
ETE5011L,1
ETE5011W,1
ETE5012L,1
ETE5012W,1
ETE5019W,1
ETE5020L,1
ETE5020P,1
ETE5020S,1
ETE5020W,1
ETE5021P,1
ETE5021W,1
ETE5113P,1
ETE5113S,1
ETE5113W,1
ETE5114L,1
ETE5114P,1
ETE5114S,1
ETE5122C,1
ETE5122P,1
ETE5122W,1
ETE5136W,1
ETE5140L,1
ETE5140W,1
ETE5142S,1
ETE5150C,1
ETE5151C,1
ETE5217W,1
ETE5219P,1
ETE5219W,1
ETE5220S,1
ETE5220W,1
ETE5221P,1
ETE5221W,1
ETE5223S,1
ETE5230C,1
ETE5231C,1
ETE5240W,1
ETE5313W,1
ETE5318W,1
ETE5319S,1
ETE5330C,1
ETE5331C,1
ETE5336S,1
ETE5336W,1
ETE5337L,1
ETE5337W,1
ETE5421C,1
ETE5423S,1
ETE5424S,1
ETE5425S,1
ETE5531P,1
ETE5531W,1
ETE5532P,1
ETE5532W,1
ETE5536P,1
ETE5538W,1
ETE5539W,1
ETE5543C,1
ETE5545C,1
ETE5617C,1
ETE5618C,1
ETE5619S,1
ETE5630C,1
ETE5631C,1
ETE5662L,1
ETE5662W,1
ETE5663L,1
ETE5663W,1
ETE6001L,1
ETE6001W,1
ETE6002C,1
ETE6002P,1
ETE6002W,1
ETE6003L,1
ETE6003W,1
ETE6004L,1
ETE6004W,1
ETE6005C,1
ETE6005W,1
ETE6006L,1
ETE6006W,1
ETE6007L,1
ETE6007W,1
ETE6031W,1
ETE6032W,1
ETE6102P,1
ETE6103P,1
ETE6103W,1
ETE6104P,1
ETE6104W,1
ETE6105L,1
ETE6105W,1
ETE6106P,1
ETE6106W,1
ETE6107C,1
ETE6107L,1
ETE6107W,1
ETE6108L,1
ETE6108W,1
ETE6109P,1
ETE6109W,1
ETE6150P,1
ETE6150W,1
ETE6151W,1
ETE6301W,1
ETE6302W,1
ETE6500W,1
ETE6544S,1
ETE6560L,1
ETE6560W,1
ETE6600L,1
ETE6600W,1
ETE6601W,1
ETE6610L,1
ETE6611L,1
ETE6611W,1
ETE6612L,1
ETE6612W,1
ETE6613L,1
ETE6613W,1
ETE6616L,1
ETE6616W,1
ETE6617C,1
ETE6617L,1
ETE6617W,1
ETE6620W,1
ETE6621W,1
ETE6622E,1
ETE6622W,1
ETE6623W,1
ETE6624E,1
ETE6624L,1
ETE6624W,1
ETE6625L,1
ETE6625W,1
ETE6630S,1
ETE6630W,1
ETE6632L,1
ETE6632W,1
ETE6640L,1
ETE6641L,1
ETE6641W,1
ETE6643L,1
ETE6643P,1
ETE6643W,1
ETE6644W,1
ETE6645L,1
ETE6645W,1
ETE6646W,1
ETE6647L,1
ETE6648L,1
ETE6650L,1
ETE6650P,1
ETE6653W,1
ETE6660W,1
ETE6661L,1
ETE6661W,1
ETE6662L,1
ETE6662W,1
ETE6663L,1
ETE6663W,1
ETE6664L,1
ETE6664W,1
ETE6665W,1
ETE6667W,1
ETE6670L,1
ETE6670W,1
ETE6671L,1
ETE6671W,1
ETE6672P,1
ETE6672W,1
ETE6673P,1
ETE6673W,1
ETE6676W,1
ETE6677L,1
ETE6677P,1
ETE6677W,1
ETE6678L,1
ETE6678W,1
ETE6679L,1
ETE6679W,1
ETE6680L,1
ETE6680W,1
ETE6681C,1
ETE6682S,1
ETE6690L,1
ETE6690W,1
ETE6694P,1
ETE6694W,1
ETE6698C,1
ETE6699S,1
ETE6900C,1
ETE6900L,1
ETE6900W,1
ETE6901L,1
ETE6901W,1
ETE6902P,1
ETE6902W,1
ETE6903C,1
ETE6903L,1
ETE6903W,1
ETE6904L,1
ETE6904W,1
ETE6905C,1
ETE6905W,1
ETE6906W,1
ETE6907W,1
ETE6908L,1
ETE6908W,1
ETE6909W,1
ETE6910W,1
ETE6911L,1
ETE6911W,1
ETE7006W,1
ETE7007P,1
ETE7007W,1
ETE7008C,1
ETE7008E,1
ETE7008L,1
ETE7008W,1
ETE7009E,1
ETE7009L,1
ETE7010L,1
ETE7010P,1
ETE7010W,1
ETE7011W,1
ETE7012L,1
ETE7012W,1
ETE7013C,1
ETE7013W,1
ETE7014W,1
ETE7015W,1
ETE7016P,1
ETE7016W,1
ETE7017L,1
ETE7017W,1
ETE7018L,1
ETE7018W,1
ETE7034L,1
ETE7034P,1
ETE7036L,1
ETE7036W,1
ETE7037L,1
ETE7037W,1
ETE7038L,1
ETE7038W,1
ETE7110W,1
ETE7112P,1
ETE7112W,1
ETE7113L,1
ETE7113P,1
ETE7113W,1
ETE7114P,1
ETE7114W,1
ETE7115P,1
ETE7115W,1
ETE7120P,1
ETE7120W,1
ETE7121P,1
ETE7121W,1
ETE7122L,1
ETE7122W,1
ETE7123L,1
ETE7123W,1
ETE7124L,1
ETE7124W,1
ETE7125P,1
ETE7125W,1
ETE7126P,1
ETE7126W,1
ETE7127W,1
ETE7128P,1
ETE7128W,1
ETE7129P,1
ETE7129W,1
ETE7133L,1
ETE7133W,1
ETE7134L,1
ETE7134W,1
ETE7135L,1
ETE7135W,1
ETE7154P,1
ETE7154W,1
ETE7156C,1
ETE7156P,1
ETE7156W,1
ETE7158L,1
ETE7158P,1
ETE7158W,1
ETE7160L,1
ETE7160W,1
ETE7162P,1
ETE7162W,1
ETE7164L,1
ETE7164W,1
ETE7165L,1
ETE7165P,1
ETE7165W,1
ETE7168P,1
ETE7168W,1
ETE7173L,1
ETE7173W,1
ETE7175P,1
ETE7175W,1
ETE7180L,1
ETE7180W,1
ETE7301L,1
ETE7301W,1
ETE7302W,1
ETE7303W,1
ETE7304C,1
ETE7304W,1
ETE7305L,1
ETE7306L,1
ETE7306W,1
ETE7307L,1
ETE7308W,1
ETE7309L,1
ETE7309S,1
ETE7309W,1
ETE7310L,1
ETE7311L,1
ETE7311P,1
ETE7311W,1
ETE7312L,1
ETE7313W,1
ETE7319L,1
ETE7319W,1
ETE7320W,1
ETE7321W,1
ETE7323W,1
ETE7324W,1
ETE7325L,1
ETE7325W,1
ETE7326L,1
ETE7327W,1
ETE7341W,1
ETE7342L,1
ETE7342W,1
ETE7352W,1
ETE7407W,1
ETE7414W,1
ETE7501L,1
ETE7501S,1
ETE7501W,1
ETE7508W,1
ETE7509L,1
ETE7510W,1
ETE7530C,1
ETE7530W,1
ETE7531C,1
ETE7531L,1
ETE7531W,1
ETE7561L,1
ETE7561W,1
ETE7562P,1
ETE7562W,1
ETE7581S,1
ETE7581W,1
ETE7700L,1
ETE7701W,1
ETE7702E,1
ETE7702W,1
ETE7710E,1
ETE7710L,1
ETE7710W,1
ETE7711L,1
ETE7711W,1
ETE7712W,1
ETE7713W,1
ETE7714W,1
ETE7720L,1
ETE7720W,1
ETE7721L,1
ETE7721W,1
ETE7722E,1
ETE7722L,1
ETE7722W,1
ETE7723L,1
ETE7723W,1
ETE7724W,1
ETE7725W,1
ETE7730W,1
ETE7740L,1
ETE7740W,1
ETE7741L,1
ETE7741W,1
ETE7742P,1
ETE7742W,1
ETE7743L,1
ETE7743W,1
ETE7744L,1
ETE7744W,1
ETE7750P,1
ETE7750W,1
ETE7756L,1
ETE7756W,1
ETE7760L,1
ETE7761W,1
ETE7762L,1
ETE7763L,1
ETE7763P,1
ETE7764L,1
ETE7764W,1
ETE7765L,1
ETE7766W,1
ETE7770L,1
ETE7770W,1
ETE7772L,1
ETE7773P,1
ETE7773W,1
ETE7780L,1
ETE7780W,1
ETE7781L,1
ETE7781W,1
ETE7782C,1
ETE7783S,1
ETE7784W,1
ETE7785W,1
ETE7786L,1
ETE7786P,1
ETE7786W,1
ETE7787L,1
ETE7787W,1
ETE7788L,1
ETE7788W,1
ETE7789W,1
ETE7790S,1
ETE7791C,1
ETE7792C,1
ETE7792W,1
ETE7800W,1
ETE7803W,1
ETE7804L,1
ETE7805W,1
ETE7806W,1
ETE7807L,1
ETE7807W,1
ETE7808L,1
ETE7809W,1
ETE7810L,1
ETE7812L,1
ETE7815W,1
ETE7816W,1
ETE7817L,1
ETE7817W,1
ETE7818W,1
ETE7819L,1
ETE7820L,1
ETE7820W,1
ETE7821W,1
ETE7822L,1
ETE7822W,1
ETE7823W,1
ETE7826P,1
ETE7826W,1
ETE7828L,1
ETE7828W,1
ETE7912L,1
ETE7912W,1
ETE7913L,1
ETE7914L,1
ETE7914W,1
ETE7915L,1
ETE7916W,1
ETE7917L,1
ETE7917S,1
ETE7917W,1
ETE7918P,1
ETE7918W,1
ETE7919L,1
ETE7920L,1
ETE7920W,1
ETE7921C,1
ETE7921W,1
ETE7923L,1
ETE7923P,1
ETE7923W,1
ETE7926L,1
ETE7926W,1
ETE7928W,1
ETE8018L,1
ETE8018P,1
ETE8019P,1
ETE8020L,1
ETE8021L,1
ETE8021W,1
ETE8022L,1
ETE8022W,1
ETE8023L,1
ETE8023W,1
ETE8024L,1
ETE8024W,1
ETE8025S,1
ETE8026C,1
ETE8026P,1
ETE8027C,1
ETE8042L,1
ETE8042W,1
ETE8069P,1
ETE8069W,1
ETE8090L,1
ETE8099L,1
ETE8099S,1
ETE8099W,1
ETE8130L,1
ETE8130W,1
ETE8131L,1
ETE8131W,1
ETE8132L,1
ETE8132W,1
ETE8133P,1
ETE8133W,1
ETE8140P,1
ETE8140W,1
ETE8141P,1
ETE8141W,1
ETE8145C,1
ETE8145W,1
ETE8146S,1
ETE8147C,1
ETE8148C,1
ETE8149P,1
ETE8149W,1
ETE8150P,1
ETE8150W,1
ETE8166P,1
ETE8166W,1
ETE8171L,1
ETE8171W,1
ETE8172P,1
ETE8172W,1
ETE8175L,1
ETE8175W,1
ETE8176L,1
ETE8176W,1
ETE8200W,1
ETE8201W,1
ETE8202L,1
ETE8202W,1
ETE8203L,1
ETE8203W,1
ETE8205L,1
ETE8206L,1
ETE8206W,1
ETE8209W,1
ETE8304L,1
ETE8304W,1
ETE8310C,0
ETE8311L,1
ETE8311W,1
ETE8312L,1
ETE8312W,1
ETE8313L,1
ETE8313W,1
ETE8314L,1
ETE8314W,1
ETE8315L,1
ETE8315W,1
ETE8316L,1
ETE8316W,1
ETE8317W,1
ETE8318P,1
ETE8318W,1
ETE8319C,1
ETE8320L,1
ETE8321L,1
ETE8321W,1
ETE8324L,1
ETE8324W,1
ETE8326C,1
ETE8332S,1
ETE8333S,1
ETE8334S,1
ETE8340L,1
ETE8340W,1
ETE8341L,1
ETE8342W,1
ETE8343L,1
ETE8345S,1
ETE8345W,1
ETE8348L,1
ETE8348W,1
ETE8350S,1
ETE8351S,1
ETE8353W,1
ETE8354L,1
ETE8354W,1
ETE8359S,1
ETE8369L,1
ETE8371L,1
ETE8371W,1
ETE8375L,1
ETE8375W,1
ETE8376L,1
ETE8376W,1
ETE8385L,1
ETE8385P,1
ETE8385W,1
ETE8386L,1
ETE8386P,1
ETE8386W,1
ETE8402L,1
ETE8407L,1
ETE8407W,1
ETE8408L,1
ETE8410L,1
ETE8411L,1
ETE8411W,1
ETE8416W,1
ETE8419L,1
ETE8419W,1
ETE8421W,1
ETE8425W,1
ETE8429W,1
ETE8434L,1
ETE8434W,1
ETE8437L,1
ETE8437P,1
ETE8437W,1
ETE8441C,1
ETE8441W,1
ETE8444W,1
ETE8450W,1
ETE8502L,1
ETE8502S,1
ETE8502W,1
ETE8503W,1
ETE8510W,1
ETE8532C,1
ETE8532W,1
ETE8564L,1
ETE8564W,1
ETE8565L,1
ETE8565W,1
ETE8566L,1
ETE8566W,1
ETE8567L,1
ETE8567W,1
ETE8568L,1
ETE8568S,1
ETE8570L,1
ETE8570W,1
ETE8573L,1
ETE8573W,1
ETE8574L,1
ETE8574P,1
ETE8574S,1
ETE8576L,1
ETE8576W,1
ETE8578L,1
ETE8578W,1
ETE8579L,1
ETE8579S,1
ETE8579W,1
ETE8580L,1
ETE8580S,1
ETE8580W,1
ETE8582L,1
ETE8583W,1
ETE8584L,1
ETE8584W,1
ETE8590C,1
ETE8591S,1
ETE8592C,1
ETE8929L,1
ETE8929P,1
ETE8930L,1
ETE8930S,1
ETE8930W,1
ETE8936W,1
ETE8940W,1
ETE8941S,1
ETE8942C,1
ETE8943C,1
ETE8943c,1
ETE9021W,1
ETE9121W,1
ETE9400L,1
ETE9400W,1
ETE9401L,1
ETE9401W,1
ETE9402L,1
ETE9402W,1
ETE9403L,1
ETE9403W,1
ETE9404W,1
ETE9405P,1
ETE9405W,1
ETE9406L,1
ETE9406P,1
ETE9406W,1
ETE9407W,1
ETE9408W,1
ETE9409P,1
ETE9409S,1
ETE9410L,1
ETE9410W,1
ETE9411L,1
ETE9411W,1
ETE9412W,1
ETE9413L,1
ETE9413W,1
ETE9414L,1
ETE9414W,1
ETE9415L,1
ETE9416C,1
ETE9417C,1
ETE9418C,1
ETE9419W,1
ETE9422L,1
ETE9422W,1
ETE9423L,1
ETE9423W,1
ETE9458L,1
ETE9458W,1
ETE9462W,1
ETE9466W,1
ETE9470W,1
ETE9600W,1
ETE9601L,1
ETE9602W,1
ETE9603W,1
ETE9604W,1
ETE9605L,1
ETE9605W,1
ETE9606W,1
ETE9607W,1
ETE9608L,1
ETE9608W,1
ETE9609L,1
ETE9610W,1
ETE9611L,1
ETE9612E,1
ETE9612W,1
ETE9613L,1
ETE9613W,1
ETE9614L,1
ETE9614W,1
ETE9615W,1
ETE9616L,1
ETE9616W,1
ETE9617W,1
ETE9618W,1
ETE9619W,1
ETE9620W,1
ETE9621L,1
ETE9621W,1
ETE9622E,1
ETE9622L,1
ETE9623L,1
ETE9623P,1
ETE9623W,1
ETE9624W,1
ETE9625L,1
ETE9625W,1
ETE9626L,1
ETE9626P,1
ETE9626W,1
ETE9627W,1
ETE9628L,1
ETE9629W,1
ETE9630L,1
ETE9630W,1
ETE9632W,1
ETE9634W,1
ETE9636L,1
ETE9636W,1
ETE9637L,1
ETE9639L,1
ETE9640L,1
ETE9640W,1
ETE9641L,1
ETE9641W,1
ETE9642L,1
ETE9642W,1
ETE9643L,1
ETE9643W,1
ETE9644C,1
ETE9644P,1
ETE9645W,1
ETE9646W,1
ETE9650L,1
ETE9650W,1
ETE9651W,1
ETE9652L,1
ETE9652W,1
ETE9653L,1
ETE9654W,1
ETE9656W,1
ETE9657P,1
ETE9660L,1
ETE9660S,1
ETE9661L,1
ETE9661S,1
ETE9662W,1
ETE9663C,1
ETE9663S,1
ETE9664S,1
ETE9670L,1
ETE9670W,1
ETE9671L,1
ETE9671W,1
ETE9740C,1
ETE9740P,1
ETE9740W,1
ETE9760L,1
ETE9760W,1
ETE9761W,1
ETE9762L,1
ETE9763C,1
ETE9763W,1
ETE9773W,1
ETE9774L,1
ETE9774P,1
ETE9776W,1
ETE9777W,1
ETE9778L,1
ETE9778W,1
ETE9780W,1
ETE9781L,1
ETE9781W,1
ETE9782L,1
ETE9783W,1
ETE9784C,1
ETE9785S,1
ETE9790L,1
ETE9790W,1
ETE9791C,1
ETE9792S,1
ETE9800L,1
ETE9800W,1
ETE9801W,1
ETE9802L,1
ETE9802W,1
ETE9803L,1
ETE9803W,1
ETE9804L,1
ETE9805W,1
ETE9808L,1
ETE9808W,1
ETE9815W,1
ETE9819W,1
ETE9821W,1
ETE9827L,1
ETE9827P,1
ETE9827W,1
ETE9828L,1
ETE9828W,1
ETE9829L,1
ETE9831W,1
ETE9832L,1
ETE9832W,1
ETE9833W,1
ETE9834L,1
ETE9834W,1
ETE9835W,1
ETE9836L,1
ETE9837L,1
ETE9899W,1
ETE9900C,1
ETE9900L,1
ETE9900W,1
ETE9902W,1
ETE9903W,1
ETE9904W,1
ETE9905W,1
ETE9906L,1
ETE9906W,1
ETE9907S,1
ETE9907W,1
ETE9909W,1
ETE9910W,1
ETE9911W,1
ETE9912L,1
ETE9913L,1
ETE9914W,1
ETE9915L,1
ETE9915W,1
ETE9917L,1
ETE9917W,1
ETE9918P,1
ETE9918W,1
ETE9920L,1
ETE9921L,1
ETE9921W,1
ETE9922L,1
ETE9922W,1
ETE9923L,1
ETE9923P,1
ETE9923W,1
ETE9924L,1
ETE9924S,1
ETE9924W,1
ETE9925L,1
ETE9925S,1
ETE9929L,1
ETE9929W,1
ETE9932L,1
ETE9932W,1
ETE9935L,1
ETE9935P,1
ETE9935W,1
ETE9936P,1
ETE9936W,1
ETE9937P,1
ETE9938L,1
ETE9939L,1
ETE9941S,1
ETE9942C,1
ETE9943C,1
ETE9999C,2
ETK1103C,1
ETK1103L,1
ETK1103W,1
ETK1104W,1
ETK1105C,1
ETK1105W,1
ETK1109C,1
ETK1109W,1
ETK1110P,1
ETK1110W,1
ETK1111L,1
ETK1111W,1
ETK1112L,1
ETK1112W,1
ETK1113L,1
ETK1113W,1
ETK1114S,1
ETK1114W,1
ETK1217L,1
ETK1218W,1
ETK1219W,1
ETK1221C,1
ETK1222S,1
ETK1223C,1
ETK9012L,1
ETK9012P,1
ETK9012W,1
ETK9020C,1
ETK9020L,1
ETK9020P,1
ETK9020W,1
ETK9021C,1
ETK9021W,1
ETK9022L,1
ETK9022W,1
ETK9023C,1
ETK9023W,1
ETK9024C,1
ETK9024W,1
ETK9025C,1
ETK9025W,1
ETK9026C,1
ETK9026L,1
ETK9026W,1
ETK9027P,1
ETK9027W,1
ETK9028L,1
ETK9028P,1
ETK9028W,1
ETK9029W,1
ETK9030L,1
ETK9030W,1
ETK9031W,1
ETK9201W,1
ETK9401P,1
ETK9401W,1
ETK9402W,1
ETK9403W,1
ETK9404L,1
ETK9404P,1
ETK9405L,1
ETK9405P,1
ETK9405W,1
ETK9406P,1
ETK9406W,1
ETK9407P,1
ETK9407W,1
ETK9408P,1
ETK9408W,1
ETK9409P,1
ETK9409W,1
ETK9410W,1
ETK9411W,1
ETK9412W,1
ETK9413W,1
ETK9414W,1
ETK9415P,1
ETK9415W,1
ETK9417L,1
ETK9418W,1
ETK9419L,1
ETK9420P,1
ETK9420W,1
ETK9440L,1
ETK9440W,1
ETK9443W,1
ETK9446L,1
ETK9446W,1
ETK9601W,1
ETK9602L,1
ETK9603L,1
ETK9603W,1
ETK9604L,1
ETK9604W,1
ETK9605W,1
ETK9606L,1
ETK9606W,1
ETK9607L,1
ETK9607W,1
ETK9608L,1
ETK9608W,1
ETK9609W,1
ETK9610L,1
ETK9610W,1
ETK9700W,1
ETK9701W,1
ETK9702W,1
ETK9703W,1
ETK9704W,1
ETK9705L,1
ETK9750W,1
ETK9751W,1
ETK9752W,1
ETK9753S,1
ETK9753W,1
ETK9754L,1
ETK9754W,1
ETK9755L,1
ETK9755W,1
FLO0000W,4
FLZ0104C,4
FLZ0104S,4
FLZ0104W,4
FLZ0105C,4
FLZ0105S,4
FLZ0105W,4
FLZ0107C,4
FLZ0107S,4
FLZ0107W,4
FLZ0110S,4
FLZ0110W,4
FLZ0111C,4
FLZ0111W,4
FLZ0114C,4
FLZ0114S,4
FLZ0114W,4
FLZ0134W,4
FLZ0140W,4
FLZ0145W,4
FLZ0152S,4
FLZ0153S,4
FLZ0154C,4
FLZ0155S,4
FLZ0155W,4
FLZ0157S,4
FLZ9311W,4
FZG2003W,1
FZK9006C,1
FZK9006W,1
FZK9007C,1
FZK9007L,1
FZK9007W,1
FZP1000C,1
FZP1000W,1
FZP2003C,1
FZP2003W,1
FZP2009W,1
FZP3001E,1
FZP3001L,1
FZP3001W,1
FZP3002C,1
FZP3002L,1
FZP3005C,1
FZP3005L,1
FZP3005W,1
FZP3007L,1
FZP3007W,1
FZP3009C,1
FZP3009W,1
FZP4009C,1
FZP4009W,1
GPA4219W,4
GPA7241W,4
HSZ0117W,4
IIF-006W,1
INC3014W,1
INE1001W,1
INE1007C,1
INE1007L,1
INE1007W,1
INE1011L,1
INE1011W,1
INE1012L,1
INE1013C,1
INE1013W,1
INE1017L,1
INE1018P,1
INE2021L,1
INE2021W,1
INE2021w,1
INE2023C,1
INE2023E,1
INE2023W,1
INE2025C,1
INE2025W,1
INE2026C,1
INE2026W,1
INE2029W,1
INE2030L,1
INE2030W,1
INE2031C,1
INE2031L,1
INE2031W,1
INE2032C,1
INE2032W,1
INE2033C,1
INE2033P,1
INE2033W,1
INE2034E,1
INE2034L,1
INE2034W,1
INE2035L,1
INE2035W,1
INE2036L,1
INE2036W,1
INE2037L,1
INE2037W,1
INE2041W,1
INE2042E,1
INE2043W,1
INE3032W,1
INE3033P,1
INE3033W,1
INE3041L,1
INE3041W,1
INE3046L,1
INE3046P,1
INE3046W,1
INE3047P,1
INE3051C,1
INE3051L,1
INE3051P,1
INE3051W,1
INE3052W,1
INE3053W,1
INE3054P,1
INE3054W,1
INE3055W,1
INE3056L,1
INE3057L,1
INE3057W,1
INE3065P,1
INE3065W,1
INE3067P,1
INE3067W,1
INE3101P,1
INE3101W,1
INE3102L,1
INE3102W,1
INE3106C,1
INE3106L,1
INE3106P,1
INE3106W,1
INE3107W,1
INE3108W,1
INE3109W,1
INE3110L,1
INE3110W,1
INE3111W,1
INE3112L,1
INE3112W,1
INE3116W,1
INE3117E,1
INE3117L,1
INE3117P,1
INE3117W,1
INE3123W,1
INE3124L,1
INE3126W,1
INE3127L,1
INE3133W,1
INE3134W,1
INE3144L,1
INE3201W,1
INE3202W,1
INE3203P,1
INE3203W,1
INE3204L,1
INE3204W,1
INE3205P,1
INE3205W,1
INE3208W,1
INE3209W,1
INE3211L,1
INE3211W,1
INE3213P,1
INE3214L,1
INE3214W,1
INE3215E,1
INE3215L,1
INE3216E,1
INE3216L,1
INE3216P,1
INE3216W,1
INE3217E,1
INE3217W,1
INE4001L,1
INE4001W,1
INE4020P,1
INE4020W,1
INE4051L,1
INE4051W,1
INE4054P,1
INE4054W,1
INE4056L,1
INE4056W,1
INE4057L,1
INE4057W,1
INE4061C,1
INE4061W,1
INE4062C,1
INE4062W,1
INE4065C,1
INE4065W,1
INE4066L,1
INE4066W,1
INE4067P,1
INE4067W,1
INE4070C,1
INE4070W,1
INE4071S,1
INE4071W,1
INE4077L,1
INE4077W,1
INE4104L,1
INE4104W,1
INE4114P,1
INE4114W,1
INE4115P,1
INE4118L,1
INE4118W,1
INE4122W,1
INE4124L,1
INE4125E,1
INE4125P,1
INE4125W,1
INE4126L,1
INE4126W,1
INE4127L,1
INE4127W,1
INE4128W,1
INE4132L,1
INE4134E,1
INE4134L,1
INE4134W,1
INE4135L,1
INE4135W,1
INE4136P,1
INE4136W,1
INE4144C,1
INE4148C,1
INE4148W,1
INE4162W,1
INE4163P,1
INE4216L,1
INE4216W,1
INE4217L,1
INE4218L,1
INE4218P,1
INE4218W,1
INE4219P,1
INE4220P,1
INE4220W,1
INE4224W,1
INE4225L,1
INE4225W,1
INE4226L,1
INE4226W,1
INE4232W,1
INE4233W,1
INE4234L,1
INE4234W,1
INE4236W,1
INE4245P,1
INE4247C,1
INE4250L,1
INE4250P,1
INE4250W,1
INE5011P,1
INE5011W,1
INE5012L,1
INE5012W,1
INE5013P,1
INE5013W,1
INE5042C,1
INE5042W,1
INE5043S,1
INE5069L,1
INE5069W,1
INE5071S,1
INE5071W,1
INE5072L,1
INE5072W,1
INE5075P,1
INE5075W,1
INE5076C,1
INE5076W,1
INE5125W,1
INE5137C,1
INE5137P,1
INE5137W,1
INE5140L,1
INE5140P,1
INE5140W,1
INE5141L,1
INE5141P,1
INE5141W,1
INE5145C,1
INE5146C,1
INE5149L,1
INE5161P,1
INE5161W,1
INE5164P,1
INE5164W,1
INE5241L,1
INE5241P,1
INE5241W,1
INE5242L,1
INE5242P,1
INE5242W,1
INE5243E,1
INE5243L,1
INE5243P,1
INE5243W,1
INE5244P,1
INE5244W,1
INE5245P,1
INE5248C,1
INE5249C,1
INF-006W,1
INF-008W,1
INF-009C,1
INF-011L,1
INF-013C,1
INF-014W,1
INF-022W,1
INF-023W,1
INF-024W,1
INF-033W,1
INF-043W,1
INF-IIA,1
INF-IIB,1
INF-IIIC,1
INF-IIIW,1
INF1007L,1
INK9011C,1
INK9011L,1
INK9011W,1
INK9100L,1
INK9100W,1
INK9101W,1
INK9102C,1
INK9102W,1
INK9103W,1
INK9104L,1
INK9104P,1
INK9104W,1
INK9105L,1
INK9106L,1
INK9106W,1
INK9107L,1
INK9107W,1
INK9108P,1
INK9108W,1
INK9109W,1
INK9110W,1
INK9111L,1
INK9112L,1
INK9113W,1
INK9200W,1
INK9201L,1
INK9201W,1
INK9203L,1
INK9204W,1
INK9205L,1
INK9205W,1
INK9206P,1
INK9207W,1
INK9209W,1
INK9210L,1
INK9211W,1
INK9212W,1
INK9213W,1
INK9214W,1
INK9800C,1
INK9800L,1
INK9800W,1
INK9801S,1
INK9801W,1
INK9802L,1
INK9802W,1
INK9803W,1
INK9804P,1
INK9804W,1
INK9805C,1
INK9805W,1
INK9806W,1
INK9807C,1
INK9807W,1
INK9808L,1
INK9808W,1
INK9809C,1
INK9809W,1
INK9810P,1
INK9810W,1
INK9811W,1
INK9812C,1
INK9813L,1
INK9813W,1
INK9814L,1
INK9814W,1
INK9815C,1
INK9815E,1
INK9816S,1
INK9820P,1
INK9820W,1
INK9822P,1
INK9822W,1
INZ2502C,1
INZ2502W,1
ISA0101W,4
ISZ9319C,4
ISZ9319L,4
ISZ9319W,4
JZL1110C,3
JZL1110W,3
JZL1120C,1
JZL1120W,3
JZL1121C,3
JZL1125C,3
JZL1130C,3
JZL1130W,3
JZL1140C,3
JZL1140W,3
JZL1141C,3
JZL1145C,3
JZL1150C,3
JZL1160C,3
JZL1160W,3
JZL1210C,3
JZL1220C,3
JZL1221C,3
JZL1225C,3
JZL1230C,3
JZL1240C,3
JZL1241C,3
JZL1245C,3
JZL1261C,3
JZL1310C,3
JZL1310W,3
JZL1320C,3
JZL1321C,3
JZL1340C,3
JZL1340W,3
JZL1410C,3
JZL1410W,3
JZL1420C,3
JZL1420W,3
JZL1421C,3
JZL1425C,3
JZL1430C,3
JZL1430W,3
JZL1440C,3
JZL1440W,3
JZL1441C,3
JZL1445C,3
JZL1450C,3
JZL1460C,3
JZL1530C,3
JZL1530E,3
JZL1530W,3
JZL1540C,3
JZL1540W,3
JZL1550W,3
JZL1560C,3
JZL1560W,3
JZL1590C,3
JZL1590S,3
JZL1590W,3
JZL1610C,3
JZL1620C,3
JZL1620W,3
JZL1621C,3
JZL1621W,3
JZL1630C,3
JZL1630W,3
JZL1640C,3
JZL1640W,3
JZL1641C,3
JZL1660C,3
JZL1661C,3
JZL1710C,3
JZL1720C,3
JZL1721C,3
JZL1730C,3
JZL1810C,3
JZL1820C,3
JZL1841C,3
JZL9999C,1
JZL9999W,3
MAK9001W,1
MAK9002W,1
MAK9003W,1
MAK9006W,1
MAK9011W,0
MAP1000W,1
MAP1002W,1
MAP1004E,1
MAP1004W,1
MAP2002W,1
MAP2004C,1
MAP2004E,1
MAP2004W,1
MAP30007,0
MAP3001C,1
MAP3001E,1
MAP3001W,1
MAP3002E,1
MAP3002W,1
MAP3003E,1
MAP3003W,1
MAP3004C,1
MAP3004W,1
MAP3005C,1
MAP3005W,1
MAP30072,1
MAP3007C,1
MAP3007E,1
MAP3007L,1
MAP3007W,1
MAP3008C,1
MAP3008L,1
MAP3008W,1
MAP4001E,1
MAP4001W,1
OSZ9318C,4
OSZ9318W,4
PDZ0110C,4
PDZ0110W,4
PDZ0118C,4
PDZ0118S,4
PDZ0118W,2
PDZ0119C,4
PDZ0119W,4
PDZ0124C,4
PDZ0124W,4
PDZ0136W,4
PDZ0148W,4
PKF4001W,4
PKZ0127C,4
PKZ0127S,4
PKZ0127W,4
PKZ0128C,4
PKZ0128S,4
PKZ0128W,4
PKZ01295,4
PKZ0129C,4
PKZ0129S,4
PKZ0129W,4
PKZ0135C,4
PKZ0135S,4
PKZ0135W,4
PKZ0146W,4
PKZ0158C,4
PKZ0158W,4
PNZ0131C,4
PNZ0131W,4
PNZ0136C,4
PNZ0136S,4
PNZ0136W,4
PNZ0142S,4
PNZ0143W,4
PNZ9300S,4
PNZ9303W,4
PNZ9304C,4
PRM2001C,4
PRM2001W,4
PRZ0116C,4
PRZ0116S,4
PRZ0116W,4
PRZ0156W,4
PRZ9314C,4
PRZ9314W,4
PS20120C,1
PSZ0120C,4
PSZ0120S,4
PSZ0120W,4
PSZ0137W,4
PSZ0307C,1
PSZ0307W,4
PSZ0308C,4
PSZ0308S,4
PSZ0308W,4
PSZ0309C,4
PSZ0309S,4
PSZ0309W,4
PSZ9121S,4
PSZ9121W,4
PSZ9306C,4
PSZ9307C,4
PSZ9308C,4
PSZ9309C,4
PSZ9309W,4
SCZ0108C,4
SCZ0108S,4
SCZ0108W,4
SCZ0112S,4
SCZ0112W,4
SCZ0149S,4
SCZ9310W,4
SWF-403C,2
WFW0000C,2
WFW1011C,2
WFW1012C,2
WFW2012C,2
WFW2013C,2
WFW2014C,2
WFW2022C,2
WFW2034C,2
WFW2041C,2
WFW2042C,2
WFW2043C,2
WFW2044C,2
WFW2045C,2
WFW2052C,2
WFW2053C,2
WFW2062C,2
WFW2063C,2
WFW2072C,2
WFW3011C,2
WFW3012C,2
WFW3014C,2
WFW3022C,2
WFW3032C,2
WFW3033C,2
WFW3034C,2
WFW3042C,2
WFW3052C,2
WFW3054C,2
WFW3055C,2
WFW3062C,2
WFW3064C,2
WFW3072C,2
WFW3082C,2
WFW3082W,2
WFW3083C,2
WFW3084C,2
WFW3091C,2
WFW3092C,2
WFW3093C,2
WFW3094C,2
WFW3102C,2
WFW3112C,2
WFW3113C,2
WFW3142C,2
WFW3143C,2
WFW3144C,2
WFW3145C,2
WFW3152C,2
WFW3162C,2
WFW3172C,2
WFW4012C,2
WFW4013C,2
WFW4014C,2
WFW4021C,2
WFW4022C,2
WFW4023C,2
WFW4024C,2
WFW4032C,2
WFW4033C,2
WFW4034C,2
WFW4041C,2
WFW4042C,2
WFW4043C,2
WFW4044C,2
WFW4062C,2
WFW4063C,2
WFW4082C,2
WFW4092C,2
WFW4102C,2
WFW5012C,2
WFW5013C,2
WFW5014C,2
WFW5022C,2
WFW5032C,2
WFW5033C,2
WFW5034C,2
WFW5042C,2
WFW5044C,2
WFW5052C,2
WFW5054C,2
WFW6011C,2
WFW6012C,2
WFW6013C,2
WFW6014C,2
WFW6022C,2
WFW6023C,2
WFW6024C,2
WFW6034C,2
WFW6042C,2
WFW6044C,2
WFW9999C,2
XXD9999C,4
XXD9999W,4
ZME0001C,4
ZME0001W,4
ZME0002P,4
ZME0003C,4
ZME0003W,4
ZME0005C,4
ZME0005W,4
ZME0006W,4
ZMK9090W,1
ZMK9091W,1
ZMK9092W,1
ZMM3003L,4
ZMM3003W,4
ZMM4503W,0
ZMZ0301W,4
ZMZ0302W,4
ZMZ0303W,4
ZMZ0304W,4
ZMZ0306W,4
ZMZ0308W,4
ZMZ0311W,4
ZMZ0313P,4
ZMZ1301W,4
ZMZ9101W,4
ZMZ9103C,4
ZMZ9103W,4
ZMZ9304C,4
ZMZ9304S,4
ZMZ9304W,4
ZMZ9306C,4
ZMZ9306L,4
ZMZ9306W,4
ZMZ9307C,4
ZMZ9307L,4
ZMZ9312C,4
ZMZ9312W,4
ZMZ9315C,4
ZMZ9316C,4
ZMZ9316L,4
ZMZ9317W,4
ZMZ9318W,4
ZMZ9322W,4
ZMZ9324L,4
